sku,week_start,units_sold,avg_price_cad,promo_flag,web_sessions,prev_week_units
ESP-001,2026-01-05,140,18.5,0,2100,132
ESP-001,2026-01-12,155,18.5,0,2250,140
ESP-001,2026-01-19,220,15.9,1,3100,155
ESP-001,2026-01-26,168,18.5,0,2400,220
ESP-001,2026-02-02,175,18.5,0,2500,168
ESP-001,2026-02-09,240,15.9,1,3300,175
ESP-001,2026-02-16,182,18.5,0,2600,240
ESP-001,2026-02-23,190,18.5,0,2700,182
CLD-010,2026-01-05,60,42.0,0,900,55
CLD-010,2026-01-12,64,42.0,0,940,60
CLD-010,2026-01-19,95,36.0,1,1400,64
CLD-010,2026-01-26,70,42.0,0,1000,95
CLD-010,2026-02-02,72,42.0,0,1020,70
CLD-010,2026-02-09,101,36.0,1,1480,72
CLD-010,2026-02-16,75,42.0,0,1060,101
CLD-010,2026-02-23,78,42.0,0,1090,75
DEC-004,2026-01-05,40,22.0,0,600,38
DEC-004,2026-01-12,43,22.0,0,620,40
DEC-004,2026-01-19,58,19.0,1,900,43
DEC-004,2026-01-26,45,22.0,0,650,58
DEC-004,2026-02-02,47,22.0,0,660,45
DEC-004,2026-02-09,61,19.0,1,920,47
DEC-004,2026-02-16,49,22.0,0,680,61
DEC-004,2026-02-23,51,22.0,0,700,49
